Naziv,Šifra,Marka,Jedinica mjere,Cijena za jedinicu mjere,Maloprodajna cijena EUR,Poseban oblik prodaje,Naziv posebnog oblika prodaje,Sidrena cijena EUR (10.09.2026.),Barkod,Dostupnost
JVD papirnata meta za gađanje – 3 mete,META-001,JVD Archery,,,2.00,NE,,2.00,,dostupno
Gettix merino lovačke čarape – veličina 40–42,ČAR-001,Gettix,,,22.90,NE,,22.90,,dostupno
Nordforest merino lovačke čarape (2 para) – veličina 42–44,ČAR-002,Nordforest,,,29.90,NE,,29.90,,dostupno
Huntworth Bonded Softshell lovačka jakna – L,ODJ-001,Huntworth,,,129.00,NE,,129.00,,dostupno
Set noževa za obradu divljači,NOZ-010,Generic,,,59.90,NE,,59.90,,nedostupno
Huntworth Bonded Softshell lovačka jakna – XL,ODJ-002,Huntworth,,,129.00,NE,,129.00,,dostupno
Huntworth Knit Jersey lovačka hoodie majica – L,ODJ-003,Huntworth,,,69.00,NE,,69.00,,dostupno
Huntworth Knit Jersey lovačka hoodie majica – XL,ODJ-004,Huntworth,,,69.00,NE,,69.00,,dostupno
Halo Optics XL450 laserski daljinomjer,OPT-001,Halo Optics,,,189.90,NE,,189.90,,dostupno
Alps Outdoorz Vantage nosač za dalekozor,OPR-001,ALPS OutdoorZ,,,79.00,NE,,79.00,,dostupno
Morakniv Eldris lovački nož,NOZ-001,Morakniv,,,27.90,NE,,27.90,,dostupno
Helle Speider puukko lovački nož,NOZ-002,Helle,,,79.00,NE,,79.00,,dostupno
PNI Hunting 751 lovačka kamera sa solarnim panelom,OPT-002,PNI,,,129.90,NE,,129.90,,nedostupno
Scentlok lagane lovačke rukavice – L,RUK-001,ScentLok,,,34.00,NE,,34.00,,dostupno
Huntworth Decatur Hybrid lovačke rukavice – L,RUK-002,Huntworth,,,30.00,NE,,30.00,,dostupno
Meat Seeker lovačke rukavice – L,RUK-003,Meat Seeker,,,38.00,NE,,38.00,,dostupno
Böker Magnum Saufanger HL lovački nož,NOZ-003,Boker,,,59.00,NE,,59.00,,nedostupno
Gerber Exo‑Mod Drop Point lovački nož,NOZ-004,Gerber,,,54.90,NE,,54.90,,dostupno
Alps Outdoorz Slip Ring torba za opremu,OPR-011,ALPS OutdoorZ,,,30.00,NE,,30.00,,dostupno
NEMO Forte vreća za spavanje 35,VRS-001,NEMO,,,199.90,NE,,199.90,,dostupno
ALPS Mountaineering Vibe vreća za spavanje Regular – kamping vreća,VRS-002,Alps Mountaineering,,,112.00,NE,,112.00,,dostupno
Alps Outdoorz Lynx šator za jednu osobu,ŠAT-001,ALPS OutdoorZ,,,139.00,NE,,139.00,,dostupno
Alps Mountaineering Apex podloga za spavanje,POD-001,Alps Mountaineering,,,84.00,NE,,84.00,,dostupno
Alps Mountaineering Camp Cot XL kamp krevet,KRE-001,Alps Mountaineering,,,165.00,NE,,165.00,,dostupno
Alps Mountaineering Rendezvous Elite kamp stolica,KAM-001,Alps Mountaineering,,,72.00,NE,,72.00,,dostupno
Armytek Elf C1 LED svjetiljka USB,SVJ-001,Armytek,,,72.00,NE,,72.00,,dostupno
Armytek Viking Pro LED svjetiljka,SVJ-002,Armytek,,,120.00,NE,,120.00,,dostupno
Alps Outdoorz Ranger Youth lovački ruksak,OPR-013,ALPS OutdoorZ,,,54.00,NE,,54.00,,dostupno
Alps Outdoorz remen za patrone,REM-001,ALPS OutdoorZ,,,32.00,NE,,32.00,,dostupno
Alps Outdoorz Covert 2.0 lovački ruksak,OPR-004,ALPS OutdoorZ,,,85.00,NE,,85.00,,dostupno
Alps Outdoorz Prospector lovačka torba,OPR-005,ALPS OutdoorZ,,,42.00,NE,,42.00,,dostupno
Huntworth Winsted lovačke hlače – L,ODJ-005,Huntworth,,,109.00,NE,,109.00,,dostupno
Huntworth Winsted lovačke hlače – XL,ODJ-006,Huntworth,,,109.00,NE,,109.00,,dostupno
Hawk Cinch Deer Drag remen za izvlačenje divljači,REM-002,Hawk,,,29.00,NE,,29.00,,dostupno
Muddy držač za lovačku opremu,OPR-009,Muddy,,,17.00,NE,,17.00,,dostupno
Grundens Bering Fleece Pro prsluk – XL,ODJ-007,Grundens,,,79.90,NE,,79.90,,dostupno
Alps Outdoorz Tri‑Leg kamp stolica,KAM-002,ALPS OutdoorZ,,,26.90,NE,,26.90,,dostupno
Huntworth Patch Logo kapa,ODJ-014,Huntworth,,,19.90,NE,,19.90,,dostupno
Huntworth Trucker kapa,ODJ-008,Huntworth,,,19.90,NE,,19.90,,dostupno
Anar Jussa merino kapa – crvena,ODJ-009,Anar,,,34.90,NE,,34.90,,dostupno
Huntworth Ashland majica kratkih rukava – XL,ODJ-010,Huntworth,,,24.99,NE,,24.99,,dostupno
Huntworth Ashland majica kratkih rukava – L,ODJ-011,Huntworth,,,24.99,NE,,24.99,,dostupno
Huntworth Fallon majca dugih rukava – XL,ODJ-012,Huntworth,,,44.90,NE,,44.90,,dostupno
Huntworth Fallon majca dugih rukava – L,ODJ-013,Huntworth,,,44.90,NE,,44.90,,dostupno
Morakniv Companion MG Carbon lovački nož,NOZ-006,Morakniv,,,19.90,NE,,19.90,,dostupno
Alps Outdoorz torba za lov (Accessory Call & Game Bag),OPR-012,ALPS OutdoorZ,,,39.00,NE,,39.00,,dostupno
Drvena podloga za trofej srnjaka 22x13 cm,OPR-014,Bez brenda,,,17.90,NE,,17.90,,dostupno
Armytek magnetni nosač svjetiljke AWM-03,OPR-016,Armytek,,,29.90,NE,,29.90,,dostupno
Peltonen M95 Ranger Puukko lovački nož,NOZ-005,Peltonen Knives,,,99.90,NE,,99.90,,dostupno
Peltonen M95 Ranger Puukko lovački nož,NOZ-009,Peltonen Knives,,,99.90,NE,,99.90,,dostupno
Stealth Cam Fusion Max 2 kamera za lov,OPT-003,Stealth Cam,,,139.90,NE,,139.90,,nedostupno
Bežični lovački alarm (Wireless Hunting Alarm),OPT-004,Caliber Hunting,,,59.90,NE,,59.90,,nedostupno
Lapport dvostrani brusni kamen za noževe,OPR-006,Lapport,,,29.90,NE,,29.90,,dostupno
Böker Magnum HL preklopni nož,NOZ-008,Boker,,,44.90,NE,,44.90,,dostupno
Rola Daiwa Ninja LT3000-C (2023),ROL-001,Daiwa,,,74.65,NE,,74.65,,dostupno
Rola Daiwa Crossfire 330FD,ROL-002,Daiwa,,,44.30,NE,,44.30,,dostupno
Vobler Yamashiro BRO 70 mm – boja 02 (S),VAR-019,Yamashiro,,,4.50,NE,,4.50,,dostupno
Vobler Yamashiro BRO 70 mm – boja 04 (S),VAR-020,Yamashiro,,,4.50,NE,,4.50,,dostupno
Vobler Yamashiro BRO 70 mm – boja 02 (F),VAR-021,Yamashiro,,,4.50,NE,,4.50,,dostupno
Vobler Yamashiro BRO 70 mm – boja 04 (F),VAR-022,Yamashiro,,,4.50,NE,,4.50,,dostupno
Vobler Yamashiro SOHARE 100 mm – boja 03,VAR-023,Yamashiro,,,4.50,NE,,4.50,,dostupno
Vobler Yamashiro SOHARE 100 mm – boja 05,VAR-024,Yamashiro,,,4.50,NE,,4.50,,dostupno
Vobler Yamashiro SHUGA 85 mm – boja 03,VAR-025,Yamashiro,,,5.20,NE,,5.20,,dostupno
Vobler Yamashiro SHUGA 85 mm – boja 04,VAR-026,Yamashiro,,,5.20,NE,,5.20,,dostupno
Rola CHRONO 450FD (s najlonom),ROL-003,Pescatore,,,13.90,NE,,13.90,,dostupno
Rola SNIPER 460 freespool,ROL-004,Pescatore,,,19.90,NE,,19.90,,dostupno
Rola Vigor HIDE freespool (s najlonom),ROL-005,Pescatore,,,17.90,NE,,17.90,,dostupno
Rola ATLAS 465FD (s najlonom),ROL-006,Pescatore,,,17.90,NE,,17.90,,dostupno
Rola PERFORMANCE Pro 450FD,ROL-007,Pescatore,,,34.30,NE,,34.30,,dostupno
Rola PERFORMANCE Pro 470FD,ROL-008,Pescatore,,,39.50,NE,,39.50,,dostupno
Štap Seahawk Carp 3.60 m (3 lb),STP-002,Pescatore,,,15.90,NE,,15.90,,dostupno
Štap Allround teleskopski 2.40 m (60 g),STP-003,Seahawk,,,43.20,NE,,43.20,,dostupno
Blinker LAXUS Slim 10 g,VAR-027,Laxus,,,3.00,NE,,3.00,,dostupno
Blinker LAXUS Slim 20 g,VAR-028,Laxus,,,3.60,NE,,3.60,,dostupno
Blinker LAXUS Slim 30 g,VAR-029,Laxus,,,4.75,NE,,4.75,,dostupno
Minnow varalica 9 cm / 7 g – žuto-zelena,VAR-030,Pescatore,,,4.50,NE,,4.50,,dostupno
Minnow varalica 9 cm / 7 g – svijetlo zelena,VAR-031,Pescatore,,,4.50,NE,,4.50,,dostupno
Predvez fluorocarbon s 3 udice veličina 2,SIST-001,Pescatore,,,3.50,NE,,3.50,,dostupno
Predvez fluorocarbon s 3 udice veličina 4,SIST-002,Pescatore,,,3.50,NE,,3.50,,dostupno
Udica vezana HIKARU 221C veličina 4 (0.30 mm),SIST-003,Hikaru,,,3.00,NE,,3.00,,dostupno
Udica vezana HIKARU 221C veličina 6 (0.25 mm),SIST-004,Hikaru,,,3.00,NE,,3.00,,dostupno
Udica vezana HIKARU 221C veličina 8 (0.20 mm),SIST-005,Hikaru,,,3.00,NE,,3.00,,dostupno
Prsluk ribički veličina L,OPR-015,Hikaru,,,33.60,NE,,33.60,,dostupno
Torba za 3 štapa 140 cm (kruta),OPR-017,Pescatore,,,37.70,NE,,37.70,,dostupno
Rola SHINJU 2004 FD,ROL-009,Pescatore,,,27.80,NE,,27.80,,dostupno
Kutijica Mikado s 5 pretinaca 18 × 10.9 × 3.1 cm,KUT-002,Pescatore,,,4.30,NE,,4.30,,dostupno
"Predvez fluorocarbon JAWS 25 cm (15 kg, 2 kom)",SIST-006,Shinju,,,2.70,NE,,2.70,,dostupno
"Predvez fluorocarbon JAWS 35 cm (15 kg, 2 kom)",SIST-007,Mikado,,,2.85,NE,,2.85,,dostupno
Rola CAT TERRITORY 6006 FD,ROL-010,Mikado,,,70.00,NE,,70.00,,dostupno
Štap INTRO TELE CARP II 3.60 m (3 lb),STP-004,Mikado,,,50.50,NE,,50.50,,dostupno
Torba Mikado za štapove i role 160 cm,OPR-018,Mikado,,,31.60,NE,,31.60,,dostupno
Rola Nomura JOSUKE 840FD,ROL-011,Pescatore,,,32.90,NE,,32.90,,nedostupno
Jig glava Nomura 5 g – 1/0 (3 kom),VAR-032,Nomura,,,1.70,NE,,1.70,,dostupno
Jig glava Nomura 7.5 g – 1/0 (3 kom),VAR-033,Nomura,,,1.85,NE,,1.85,,dostupno
Šešir s obodom zeleni,OPR-007,Pescatore,,,10.00,NE,,10.00,,dostupno
Ruksak maskirni Deluxe 60 L,OPR-008,Pescatore,,,68.00,NE,,68.00,,dostupno
Rola SHIZUKA SK13 3000FD (s najlonom),ROL-012,Pescatore,,,12.90,NE,,12.90,,dostupno
Spiner River br.3 9 g – srebno/crveno/crni,VAR-034,Pescatore,,,1.29,NE,,1.29,,dostupno
Spiner River br.4 13 g – srebno/crveno/crni,VAR-035,Pescatore,,,1.29,NE,,1.29,,dostupno
Spiner Waterwings br.3 5.5 g – crveno/bijeli,VAR-036,Waterwings,,,1.99,NE,,1.99,,dostupno
Spiner Waterwings br.3 5.5 g – srebrni,VAR-037,Waterwings,,,1.99,NE,,1.99,,dostupno
Plovak klizni stiroporni 10 g,PLO-001,Pescatore,,,1.80,NE,,1.80,,dostupno
Plovak klizni stiroporni 15 g,PLO-002,Pescatore,,,1.85,NE,,1.85,,dostupno
Plovak klizni stiroporni 25 g,PLO-003,Pescatore,,,1.90,NE,,1.90,,dostupno
Plovak klizni stiroporni 35 g,PLO-004,Pescatore,,,1.95,NE,,1.95,,dostupno
Udica Samurai Carp veličina 1 (20 kom),UDI-001,Samurai,,,2.00,NE,,2.00,,dostupno
Udica Samurai Carp veličina 2 (20 kom),UDI-002,Samurai,,,2.00,NE,,2.00,,dostupno
Udica Samurai Carp veličina 4 (20 kom),UDI-003,Samurai,,,2.00,NE,,2.00,,dostupno
Udica Samurai Carp veličina 6 (20 kom),UDI-004,Samurai,,,2.00,NE,,2.00,,dostupno
Udica Samurai s ušicom veličina 2 (20 kom),UDI-005,Samurai,,,2.00,NE,,2.00,,dostupno
Udica Samurai s ušicom veličina 4 (20 kom),UDI-006,Samurai,,,2.00,NE,,2.00,,dostupno
Olovo sačma 70 g,OLO-001,Pescatore,,,3.55,NE,,3.55,,dostupno
Olovo sačma 120 g,OLO-002,Pescatore,,,5.70,NE,,5.70,,dostupno
Shad varalica VENOM DR03 55 mm – boja 01 (20 kom),VAR-001,Pescatore,,,5.65,NE,,5.65,,dostupno
Shad varalica VENOM DR03 55 mm – boja 04 (20 kom),VAR-002,Pescatore,,,5.65,NE,,5.65,,dostupno
Shad varalica VENOM DR03 55 mm – boja 07 (20 kom),VAR-003,Pescatore,,,5.65,NE,,5.65,,dostupno
Shad varalica VENOM DR03 75 mm – boja 01 (20 kom),VAR-004,Pescatore,,,6.10,NE,,6.10,,dostupno
Shad varalica VENOM DR03 75 mm – boja 04 (20 kom),VAR-005,Pescatore,,,6.10,NE,,6.10,,dostupno
Twister varalica VENOM DR1 85 mm – boja 04 (10 kom),VAR-006,Pescatore,,,3.10,NE,,3.10,,dostupno
Twister varalica VENOM DR1 85 mm – boja 06 (10 kom),VAR-007,Pescatore,,,3.10,NE,,3.10,,dostupno
Shad varalica VENOM DR12 88 mm – boja 02 (7 kom),VAR-008,Pescatore,,,3.95,NE,,3.95,,dostupno
Shad varalica VENOM DR12 88 mm – boja 04 (7 kom),VAR-009,Pescatore,,,3.95,NE,,3.95,,dostupno
Shad varalica VENOM DR12 88 mm – boja 05 (7 kom),VAR-010,Pescatore,,,3.95,NE,,3.95,,dostupno
Shad varalica VENOM DR36 80 mm – boja 04 (6 kom),VAR-012,Pescatore,,,4.35,NE,,4.35,,dostupno
Shad varalica VENOM DR36 80 mm – boja 09 (6 kom),VAR-013,Pescatore,,,4.35,NE,,4.35,,dostupno
Shad varalica VENOM DR36 100 mm – boja 02 (4 kom),VAR-014,Pescatore,,,4.60,NE,,4.60,,dostupno
Shad varalica VENOM DR36 100 mm – boja 04 (4 kom),VAR-015,Pescatore,,,4.60,NE,,4.60,,dostupno
Shad varalica VENOM DR36 100 mm – boja 09 (4 kom),VAR-016,Pescatore,,,4.60,NE,,4.60,,dostupno
Shad varalica VENOM DR40 95 mm – boja 01 (7 kom),VAR-017,Pescatore,,,5.80,NE,,5.80,,dostupno
Shad varalica VENOM DR40 95 mm – boja 03 (7 kom),VAR-018,Pescatore,,,5.80,NE,,5.80,,dostupno
Najlon Pescatore DS 0.12 mm – 150 m (2.7 kg),NAJ-001,Pescatore,,,6.70,NE,,6.70,,dostupno
"Najlon Pescatore DS 0.18 mm – 150 m (6,3 kg)",NAJ-002,Pescatore,,,6.70,NE,,6.70,,dostupno
Najlon Fluorine 0.12 mm – 150 m (4.4 kg),NAJ-003,Pescatore,,,3.90,NE,,3.90,,dostupno
Najlon Fluorine 0.14 mm – 150 m (5.1 kg),NAJ-004,Pescatore,,,3.90,NE,,3.90,,dostupno
Najlon Fluorine Big Fish 0.40 mm – 300 m (18 kg),NAJ-005,Pescatore,,,5.80,NE,,5.80,,dostupno
Najlon Fluorine Carp 0.30 mm – 250 m (11 kg),NAJ-006,Pescatore,,,5.20,NE,,5.20,,dostupno
Najlon Fluorine Carp 0.32 mm – 250 m (12.5 kg),NAJ-007,Pescatore,,,5.20,NE,,5.20,,dostupno
Najlon Fluorine Carp 0.35 mm – 250 m (14 kg),NAJ-008,Pescatore,,,5.20,NE,,5.20,,dostupno
Fluorocarbon Pescatore 0.20 mm – 50 m (6.5 kg),NAJ-009,Pescatore,,,6.10,NE,,6.10,,dostupno
Fluorocarbon Pescatore 0.26 mm – 50 m (8.5 kg),NAJ-010,Pescatore,,,6.10,NE,,6.10,,dostupno
Upredenica Pescatore x8 0.10 mm – 150 m (6.8 kg),NAJ-011,Pescatore,,,14.80,NE,,14.80,,dostupno
Upredenica Pescatore x8 0.12 mm – 150 m (7.9 kg),NAJ-012,Pescatore,,,14.80,NE,,14.80,,dostupno
Upredenica Pescatore x8 0.14 mm – 150 m (9.2 kg),NAJ-013,Pescatore,,,14.80,NE,,14.80,,dostupno
Upredenica Pescatore x8 0.16 mm – 150 m (10.5 kg),NAJ-014,Pescatore,,,14.80,NE,,14.80,,dostupno
Umjetni kukuruz žuti (30 kom),DOD-001,Pescatore,,,2.65,NE,,2.65,,dostupno
Kutija za pribor dupla 20 × 13.5 × 3.5 cm,KUT-001,Pescatore,,,2.95,NE,,2.95,,dostupno
Štap DELTA Match 4 m,STP-001,Pescatore,,,13.40,NE,,13.40,,dostupno
Sjekira STAMINA inox – dužina 29.7 cm,NOZ-024,Pescatore,,,73.20,NE,,73.20,,dostupno
Pila sklopiva – list 18 cm,NOZ-027,Pescatore,,,14.30,NE,,14.30,,dostupno
Vrša sklopiva okrugla 30 × 60 cm,MRE-002,Pescatore,,,13.30,NE,,13.30,,dostupno
Rod pod držač štapova APPROACHABLE,OPR-002,Pescatore,,,30.90,NE,,30.90,,dostupno
Tripod držač 120 cm,OPR-003,Pescatore,,,31.80,NE,,31.80,,dostupno
Čuvarica (sak) 100 cm,MRE-001,Pescatore,,,7.60,NE,,7.60,,dostupno
Podmetač sklopivi 2 m,OPR-010,Pescatore,,,17.70,NE,,17.70,,dostupno
Set noževa za filetiranje (INOX),NOZ-011,Pescatore,,,33.00,NE,,33.00,,dostupno
Nož Mikado – crvena drška,NOZ-012,Mikado,,,5.80,NE,,5.80,,dostupno
Nož Mikado inox – oštrica 9.4 cm,NOZ-013,Mikado,,,9.40,NE,,9.40,,dostupno
Nož ribarski slonovača – oštrica 9.3 cm,NOZ-022,Pescatore,,,24.50,NE,,24.50,,dostupno
Nož sklopivi MADERA – oštrica 9.5 cm,NOZ-014,Pescatore,,,14.30,NE,,14.30,,dostupno
Nož multifunkcionalni JELEN (6 alata),NOZ-015,Pescatore,,,8.70,NE,,8.70,,dostupno
Nož multifunkcionalni VEPAR (6 alata),NOZ-016,Pescatore,,,8.70,NE,,8.70,,dostupno
Nož sklopivi plavi – oštrica 7.7 cm,NOZ-017,Pescatore,,,8.50,NE,,8.50,,dostupno
Nož sklopivi crni – oštrica 8 cm,NOZ-018,Pescatore,,,8.50,NE,,8.50,,dostupno
Nož sklopivi VEPAR – oštrica 8 cm,NOZ-019,Pescatore,,,22.70,NE,,22.70,,dostupno
Nož lovački – oštrica 11 cm,NOZ-020,Pescatore,,,13.70,NE,,13.70,,dostupno
Mačeta – oštrica 45.8 cm,NOZ-021,Pescatore,,,24.70,NE,,24.70,,dostupno
Nož lovački zeleni – oštrica 11.2 cm,NOZ-023,Pescatore,,,19.40,NE,,19.40,,dostupno
Nož lovački VEPAR – oštrica 9.5 cm,NOZ-025,Pescatore,,,51.80,NE,,51.80,,dostupno
Nož lovački JELEN – oštrica 9.5 cm,NOZ-026,Pescatore,,,51.80,NE,,51.80,,dostupno
